{
  "format_version": 1,
  "model": "1bitLLM/bitnet_b1_58-large",
  "n_layer": 24,
  "n_head": 16,
  "n_head_kv": 16,
  "n_ctx": 2048,
  "model_info": {
    "model_id": "1bitLLM/bitnet_b1_58-large",
    "model_type": "llama",
    "hidden_size": 1536,
    "num_hidden_layers": 24,
    "num_attention_heads": 16,
    "num_key_value_heads": 16,
    "intermediate_size": 4096,
    "max_position_embeddings": 2048,
    "vocab_size": 32002,
    "head_dim": 96,
    "gqa_ratio": 1.0,
    "is_gqa": false
  },
  "entropy_stats": {
    "min": 0.015457816824526549,
    "max": 3.393650469183922,
    "mean": 1.5415888230797516,
    "std": 0.8502031771193278,
    "cv": 0.5515109894354391,
    "range_ratio": 219.54267589710972
  },
  "head_types": {
    "sink": 56,
    "focused": 135,
    "moderate": 179,
    "mixed": 14
  },
  "head_entropies": {
    "L0_H0": 0.14446448916426352,
    "L0_H1": 0.10266315587838548,
    "L0_H2": 0.0823788246528407,
    "L0_H3": 0.1316408059314726,
    "L0_H4": 0.10586759559092584,
    "L0_H5": 0.4662473356770988,
    "L0_H6": 0.07206815168194476,
    "L0_H7": 0.09183888921549413,
    "L0_H8": 0.7349237817058334,
    "L0_H9": 0.08338821950104487,
    "L0_H10": 0.03953536786096947,
    "L0_H11": 0.6536174096465743,
    "L0_H12": 0.07761925928415425,
    "L0_H13": 0.31582406440614713,
    "L0_H14": 0.08153359217071768,
    "L0_H15": 0.6128796314718784,
    "L1_H0": 1.8067729741334915,
    "L1_H1": 0.9767702839802951,
    "L1_H2": 0.1175870930682407,
    "L1_H3": 0.6171659788639772,
    "L1_H4": 0.48447046180278,
    "L1_H5": 2.3361930385231973,
    "L1_H6": 2.14913239069283,
    "L1_H7": 2.838328781723976,
    "L1_H8": 0.514687168562719,
    "L1_H9": 1.503388561401516,
    "L1_H10": 0.5099439922894703,
    "L1_H11": 0.8123416485730559,
    "L1_H12": 2.239267168752849,
    "L1_H13": 0.0547276333650454,
    "L1_H14": 0.40031787977477507,
    "L1_H15": 1.058748486614786,
    "L2_H0": 0.04284523902898711,
    "L2_H1": 1.004520117904758,
    "L2_H2": 0.7694146557012573,
    "L2_H3": 1.058145572245121,
    "L2_H4": 2.277487742900848,
    "L2_H5": 1.695467496663332,
    "L2_H6": 0.20565856320132453,
    "L2_H7": 0.4555433273399574,
    "L2_H8": 2.284331539645791,
    "L2_H9": 1.8541806690394877,
    "L2_H10": 0.960327667451702,
    "L2_H11": 1.0890349766472354,
    "L2_H12": 0.5672604746159152,
    "L2_H13": 0.4877271739656862,
    "L2_H14": 0.6741555934740688,
    "L2_H15": 1.2603175399824977,
    "L3_H0": 0.41011820237103686,
    "L3_H1": 2.538290376961231,
    "L3_H2": 1.7623563474044204,
    "L3_H3": 2.390232655405998,
    "L3_H4": 0.39167623768323667,
    "L3_H5": 1.071725423913449,
    "L3_H6": 0.18242361641521204,
    "L3_H7": 1.1612058861646801,
    "L3_H8": 1.2587432426662417,
    "L3_H9": 1.2622971516582766,
    "L3_H10": 2.022407506313175,
    "L3_H11": 1.6545105071680155,
    "L3_H12": 0.7947667024609576,
    "L3_H13": 2.4280880235135553,
    "L3_H14": 0.7556561094226708,
    "L3_H15": 1.112001571059227,
    "L4_H0": 1.1501402739435433,
    "L4_H1": 1.9080786723643541,
    "L4_H2": 2.4920234382152557,
    "L4_H3": 1.6337226200848818,
    "L4_H4": 0.9284409680054523,
    "L4_H5": 1.354762925207615,
    "L4_H6": 0.6085188708057103,
    "L4_H7": 1.0233425337821245,
    "L4_H8": 1.997286494076252,
    "L4_H9": 1.6013538900762796,
    "L4_H10": 0.2048342013822378,
    "L4_H11": 0.25831754667764245,
    "L4_H12": 2.362766569852829,
    "L4_H13": 0.015457816824526549,
    "L4_H14": 0.11807352674896805,
    "L4_H15": 2.8958695411682127,
    "L5_H0": 1.7963146798312664,
    "L5_H1": 2.1783939957618714,
    "L5_H2": 1.4387447446584702,
    "L5_H3": 2.1317250738968143,
    "L5_H4": 1.2165334767263403,
    "L5_H5": 1.467700402831838,
    "L5_H6": 1.9784549297764897,
    "L5_H7": 1.3906855920283274,
    "L5_H8": 1.0677458078658675,
    "L5_H9": 2.6792566627264023,
    "L5_H10": 1.4798399833962321,
    "L5_H11": 0.39660018216006276,
    "L5_H12": 2.984328269958496,
    "L5_H13": 0.1020879102733157,
    "L5_H14": 2.721854904294014,
    "L5_H15": 0.3003776301154611,
    "L6_H0": 0.7100389377214015,
    "L6_H1": 2.5753407806158064,
    "L6_H2": 1.131059176987037,
    "L6_H3": 0.06371624772804126,
    "L6_H4": 2.8601602792739866,
    "L6_H5": 3.019889748096466,
    "L6_H6": 2.0337190886959435,
    "L6_H7": 1.368845368816983,
    "L6_H8": 2.965652012825012,
    "L6_H9": 0.2117237683485655,
    "L6_H10": 0.08982900148335579,
    "L6_H11": 1.4085193280130626,
    "L6_H12": 2.601135841012001,
    "L6_H13": 1.7712027858942747,
    "L6_H14": 0.7189262744121152,
    "L6_H15": 1.30023249417427,
    "L7_H0": 1.999015213549137,
    "L7_H1": 0.4039918507008252,
    "L7_H2": 2.979551722109318,
    "L7_H3": 2.0423326388001444,
    "L7_H4": 3.00588615834713,
    "L7_H5": 3.0298617273569106,
    "L7_H6": 2.205636305361986,
    "L7_H7": 3.080281364917755,
    "L7_H8": 1.0063387532673915,
    "L7_H9": 0.5711762245278805,
    "L7_H10": 2.6209124624729156,
    "L7_H11": 2.685979425907135,
    "L7_H12": 1.5905202297508823,
    "L7_H13": 1.3479348675347864,
    "L7_H14": 2.303908084332943,
    "L7_H15": 0.8811816190398531,
    "L8_H0": 0.1019540961434641,
    "L8_H1": 2.4461118534207342,
    "L8_H2": 2.9635500997304915,
    "L8_H3": 2.157316729426384,
    "L8_H4": 1.9956306051462889,
    "L8_H5": 2.0406019523739816,
    "L8_H6": 0.5217004957574467,
    "L8_H7": 1.243153162195813,
    "L8_H8": 2.8403440048918127,
    "L8_H9": 1.4272585913538933,
    "L8_H10": 0.966330800455762,
    "L8_H11": 1.4692187368869782,
    "L8_H12": 1.7133697566576302,
    "L8_H13": 1.2968153017573059,
    "L8_H14": 0.49660437420608117,
    "L8_H15": 0.21684030613618752,
    "L9_H0": 1.8937772465636953,
    "L9_H1": 2.2683559000492095,
    "L9_H2": 0.8615050171154053,
    "L9_H3": 1.2094443415611749,
    "L9_H4": 2.4824450314044952,
    "L9_H5": 1.670432873815298,
    "L9_H6": 0.6992825599983916,
    "L9_H7": 0.9650758083051187,
    "L9_H8": 1.9133698657155036,
    "L9_H9": 2.5988864403218033,
    "L9_H10": 2.70506734251976,
    "L9_H11": 0.43346981307802573,
    "L9_H12": 1.0021900648949669,
    "L9_H13": 1.2503543774597348,
    "L9_H14": 0.6434357581599521,
    "L9_H15": 0.9559296816121787,
    "L10_H0": 1.2387203570106067,
    "L10_H1": 0.9726943318786198,
    "L10_H2": 2.656837287545204,
    "L10_H3": 2.33023078404367,
    "L10_H4": 2.153079097345471,
    "L10_H5": 0.24213944366107082,
    "L10_H6": 0.5173776440703459,
    "L10_H7": 0.3142878746908536,
    "L10_H8": 2.268988537788391,
    "L10_H9": 2.7638806879520414,
    "L10_H10": 2.508438339829445,
    "L10_H11": 1.6144951103160565,
    "L10_H12": 2.0207480740267783,
    "L10_H13": 1.8061377556994558,
    "L10_H14": 2.9015943467617036,
    "L10_H15": 1.878894804045558,
    "L11_H0": 1.4927654381841422,
    "L11_H1": 2.1800838014110924,
    "L11_H2": 1.3407405772246421,
    "L11_H3": 2.1016402868553996,
    "L11_H4": 2.140669856220484,
    "L11_H5": 2.180656508356333,
    "L11_H6": 1.3837011676980182,
    "L11_H7": 3.020589220523834,
    "L11_H8": 2.06165062636137,
    "L11_H9": 2.2687632232904433,
    "L11_H10": 1.7047684855759144,
    "L11_H11": 1.9334763042628764,
    "L11_H12": 2.5680001720786096,
    "L11_H13": 0.7358248575241305,
    "L11_H14": 3.243756854534149,
    "L11_H15": 1.6280372393518519,
    "L12_H0": 1.6954241348925279,
    "L12_H1": 2.529512271285057,
    "L12_H2": 2.928023484349251,
    "L12_H3": 3.393650469183922,
    "L12_H4": 1.5934038092847913,
    "L12_H5": 2.527856209874153,
    "L12_H6": 2.23973506949842,
    "L12_H7": 2.6426284074783326,
    "L12_H8": 1.3828638038361531,
    "L12_H9": 2.604224668443203,
    "L12_H10": 0.5532988534503105,
    "L12_H11": 1.8005118276923895,
    "L12_H12": 2.168849874660373,
    "L12_H13": 0.88972609663615,
    "L12_H14": 2.391077935695648,
    "L12_H15": 0.6395120676530723,
    "L13_H0": 2.059993315907195,
    "L13_H1": 1.3477409818035084,
    "L13_H2": 2.312992083467543,
    "L13_H3": 1.792036374658346,
    "L13_H4": 1.0415106102474965,
    "L13_H5": 2.455263243615627,